<ApplicationActions xmlns="http://schemas.altair.com/pbs/2009/01/app-actions"
	xmlns:xsi="http://www.w3.org/2001/XMLSchema-instance" xsi:schemaLocation="http://schemas.altair.com/pbs/2009/01/app-actions ../../app-actions.xsd">
	<ApplicationId>SleepApp</ApplicationId>
	<CustomAction>
		<Name>SEND_SIGNAL</Name>
		<DisplayName>Send Signal</DisplayName>
		<Description>Send Signal</Description>

		<JobStates>
			<JobState>RUNNING</JobState>
			<JobState>RUNNING</JobState>
			<JobState>WAITING</JobState>
			<JobState>FINISHED</JobState>
			<JobState>QUEUED</JobState>
			<JobState>SUCCEEDED</JobState>
		</JobStates>

		<ArgumentChoice>
			<ArgumentStringEnumerated>
				<Name>SIGNAL</Name>
				<Description>Select Signal and Send It</Description>
				<DisplayName>SIGNAL</DisplayName>
				<InputRequired>true</InputRequired>
				<Option>STOP</Option>
				<Option>PRINT</Option>
				<Option>EXIT</Option>
			</ArgumentStringEnumerated>
		</ArgumentChoice>

		<Executable>
			<Language>PYTHON</Language>
			<Name>actions.py</Name>
		</Executable>

		<ShowOutput>true</ShowOutput>
	</CustomAction>
</ApplicationActions>
